"dp 1","dp 2","dp 3","dp 4","dp 5","dp 6","dp 7","dp 8","dp 9","dp 10","dp 11","dp 12","dp 13","dp 14","dp 15","dp 16","dp 17"
0,0,0,0,0,0,0,0,0,0,0,0,0,0,0,0,0
0,0,0,0,2.00572398607268e-08,0,0,0,0,0,0,0,0,0,0,0,1.73581176261498e-08
4.21646773338547e-07,3.92922342520353e-08,2.47082007013952e-07,5.93388391848778e-08,3.29686084060658e-08,5.57008794498783e-08,3.20468024825174e-07,1.84508712725321e-07,9.47570355573763e-08,8.11112375805008e-07,1.92718802539592e-08,4.78559685905675e-08,3.18280560664324e-07,7.47145805449679e-07,9.7656249999801e-09,9.54198473274062e-09,3.62625008527388e-08
6.5373222773414e-08,5.27309988731518e-08,6.63578060890521e-07,7.93543062355854e-07,3.09844614213974e-08,1.9968333021658e-08,6.17040495963167e-07,5.14936803009478e-07,1.21125273105451e-07,7.67046241538737e-07,4.26239173580196e-09,1.7342628810637e-08,1.65934076313052e-07,8.51429981932414e-07,1.1063190643357e-08,4.78846615288011e-08,5.4236119728369e-08
1.98950507044961e-07,1.12175095180965e-07,6.22939078069057e-07,7.8844375967285e-07,2.2397308676494e-08,2.11312593071541e-08,2.13234632226134e-07,4.2368269543777e-07,2.48085514394441e-08,8.38100873792642e-07,1.05073884735365e-08,3.97254224494234e-08,2.16855302732463e-07,1.23603170137898e-06,1.04083877160503e-08,3.49948848711416e-08,2.54663624387285e-08
2.6500901549225e-07,1.07973905297072e-07,1.53016509368558e-07,1.67489115937419e-06,7.48733957277592e-08,3.3532492322633e-08,6.13233736633149e-07,3.44944396813814e-07,1.13338249129959e-07,5.57693196983984e-07,1.25277478137598e-08,6.4193435750036e-08,3.50419268521038e-07,3.40826942538599e-07,2.7884763877484e-08,3.99378375433528e-08,7.68400795927199e-08
2.48801839630826e-07,7.00325408585593e-08,3.16450012880507e-07,1.15071813154737e-06,7.66467917106743e-08,3.09026640766186e-08,1.22775125453942e-06,2.5711917059954e-07,7.88874894154131e-08,6.41332268501268e-07,1.21545614860115e-08,7.16731563360275e-08,2.07503048541886e-07,4.61142734054228e-07,8.59442995888847e-09,3.56764861656173e-08,6.58576586483281e-08
4.25901859572704e-07,6.00109360840291e-08,6.02701391189898e-07,6.3728406774058e-07,2.33742711527236e-08,6.39333148334451e-08,9.91411418416222e-07,2.60815685692689e-07,5.05553434661832e-08,1.1120380339959e-06,2.65267201763424e-09,3.07932135759933e-08,1.9621368295046e-07,2.20741412263854e-06,1.22711476952982e-08,3.66566143020839e-08,6.19956446827577e-08
2.98933270496458e-07,1.15153244636469e-07,7.7377067151915e-07,1.24626289600214e-06,1.72902265601266e-08,6.28097650736819e-08,8.32893081511072e-07,4.08049186040952e-08,3.96960027663625e-08,8.29709518803808e-07,1.11607142852534e-08,4.52623422318446e-08,1.41647147614104e-07,9.54329803167448e-07,3.58189691896709e-08,3.23882395109195e-08,4.82013289227335e-08
9.34594652079519e-08,1.12298268484472e-07,4.77631096254599e-07,1.06488548620371e-06,4.35867531665729e-08,5.5199346875854e-09,1.00778163426116e-06,1.25747394003045e-07,7.17342710564312e-08,9.72431255890037e-07,1.46153963048557e-08,6.29385147642859e-08,2.70873177947394e-08,8.29486455975388e-07,4.15813844844605e-08,1.43765289520896e-08,1.88061199389379e-07
2.60308415752383e-07,1.0356180805841e-08,2.68957906208509e-07,8.68719375641115e-07,1.39437779002731e-07,2.48613630158257e-08,1.40129420860674e-06,3.05005177847787e-07,1.00051700200559e-07,9.24824485273535e-07,8.37672484826179e-09,4.55891229509994e-08,2.31892441162691e-07,4.59228556506129e-07,4.6235136694432e-08,1.73550409211062e-08,1.34312018791607e-07
1.98157062683713e-07,8.65442815041668e-10,4.89558528365639e-07,4.96470036515193e-07,1.0651262380397e-07,1.75772791248884e-08,6.34454309142305e-07,3.88566536645376e-07,2.32512518002304e-08,1.24941636079201e-06,1.0278184984559e-08,1.2584952135447e-08,2.54305044988094e-07,9.19896429566299e-07,2.57807696047114e-08,3.88901247501197e-08,1.06794351307934e-07
1.28622196167534e-07,7.61814327405821e-08,1.08560864671598e-06,4.77106021338156e-07,1.74912646355304e-07,4.16877804602049e-08,8.51659875477505e-07,5.28457318341407e-08,3.64601934049233e-08,2.58591823516712e-07,2.28993990918148e-09,3.06983806466323e-08,1.65886662753668e-07,7.45965886341074e-07,2.37764066350642e-08,3.45275289614789e-08,1.85803188758982e-07
3.6775225333831e-08,5.04928504919162e-08,4.90131718736771e-07,1.29866282137836e-06,1.76160374150174e-07,6.47955555967064e-08,4.64640374422233e-07,1.59336465656134e-07,4.80093648233574e-08,3.1551629654749e-07,5.37033890892871e-09,2.87446493653393e-08,1.1524506373745e-08,7.81472986061037e-07,2.52960605201588e-08,1.8327315955615e-08,1.52974356472933e-07
1.97995698063284e-07,8.2697343398272e-08,6.67482797299312e-07,7.38284975210528e-07,5.93886449350147e-08,2.22895894335051e-08,8.98469649538516e-07,1.053626910817e-07,5.59596985998901e-08,9.30531752710873e-07,1.33955401449663e-08,2.02446033487413e-09,8.64720567890889e-08,6.18226803199232e-07,1.58355628363695e-08,3.42115531777155e-08,1.7906612319896e-07
1.35257365957379e-07,6.88022965562836e-08,5.89828511855689e-07,5.564297638428e-07,8.64097117251086e-08,9.70412276488329e-09,1.05903587826495e-06,1.45295934063205e-07,3.24386274798081e-08,9.80414187383327e-07,1.1506987382329e-08,2.13208744664888e-08,1.88405329160956e-07,5.67941617042117e-07,4.61159815024284e-08,4.70391969462263e-08,1.9455495265853e-07
2.60407488993137e-07,9.20829479882953e-08,7.92602701116531e-07,1.08092825302163e-06,8.4868632601844e-08,1.78829786201384e-08,1.23983212671816e-06,4.46403913442629e-08,5.54436644147041e-08,1.427051927415e-07,5.96477492126265e-09,8.1733550153399e-09,1.66236980218893e-07,1.05416229065317e-06,3.29039311991462e-08,1.33635382870097e-08,8.79765151434026e-08
1.17010325813952e-07,1.01016887174574e-07,8.5581728259247e-07,1.34484704239368e-06,1.10908671953559e-07,6.59005370611317e-08,2.18316351114039e-07,2.90842340268954e-07,6.71295539621796e-08,1.74386701479861e-07,6.13719902496743e-09,9.19452237663692e-09,2.52895609860252e-07,8.7333616699919e-07,1.50529284098036e-08,1.44182196450456e-08,5.46725224210542e-08
5.78091790287061e-08,5.98180549554461e-08,4.74100258657949e-07,2.43541372459824e-07,1.73349627678849e-07,3.22678686134073e-08,2.42187915203002e-07,7.90550224223844e-09,1.22999381672158e-07,2.38145317371085e-07,9.97321977020565e-09,8.53280342328189e-08,1.5344464592769e-07,6.69380499469643e-07,1.26970733420279e-08,5.16926755769982e-08,7.5305169956472e-08
7.45281927913768e-08,2.24450157822247e-08,9.44033823345432e-07,1.7263549065548e-06,1.67849266898762e-07,2.47731930539954e-08,6.86996571935105e-07,1.69877393975046e-07,7.4407819354469e-08,5.37182059362489e-07,1.4015831728496e-08,3.08326447612764e-09,3.35018094105469e-08,5.56161461819835e-07,4.93382768048918e-09,7.36224723923803e-09,9.37148361977071e-08
2.0874312654606e-08,1.00318421914199e-07,2.84935081013925e-07,1.13493478744355e-06,1.36781368477601e-07,3.87062435712044e-09,4.01235022039154e-07,1.70042358345994e-07,4.3863659099958e-08,1.68513027889357e-06,8.8102154358374e-10,5.05256741448492e-08,1.16288570938262e-07,1.00172658292468e-06,1.04172479893115e-08,1.46457175112745e-08,5.97497255960404e-08
1.19520471972637e-07,6.02051490714263e-08,4.81250118720776e-07,2.7751169575423e-07,5.95074382249308e-08,1.29308769467003e-08,1.73676407196298e-07,2.29648801026868e-07,1.37300833208459e-08,3.98848381732333e-07,1.46548992877915e-08,6.76294283650331e-08,1.79855777865798e-07,5.14164225587303e-07,2.00971834711523e-20,1.29361769682897e-08,8.51623956295912e-08
8.90290671626502e-08,3.72208681223603e-08,1.0925884954101e-06,1.70190285228628e-06,1.43366916282987e-08,8.70566394586115e-09,1.27247859718072e-06,1.0123384458499e-07,3.95886608198095e-08,3.68015483814314e-07,1.02623600126748e-08,6.81754715257188e-08,2.69404105174171e-07,1.2647666979707e-06,3.55187694949591e-09,1.8908360081286e-08,3.66389140536185e-08
1.4449541306659e-07,2.89224852931685e-08,2.62097482967431e-07,9.08730009111207e-07,9.39490140959449e-08,1.84742333428678e-08,1.27811368367078e-07,2.21896020906967e-08,9.31442893487065e-08,9.69375518438955e-07,4.41176470576465e-09,3.04524799066901e-09,2.61957081920865e-07,2.94230769230737e-07,1.48660687472614e-08,3.74084761631793e-08,9.6985505258372e-08
3.29914607580217e-07,2.77726060742377e-08,7.11614985982288e-07,1.39682579720556e-06,8.748285013126e-08,5.43377052046086e-08,4.81556081412006e-07,2.06327848379192e-07,4.00870692783111e-08,5.80378592827533e-07,3.62158070862798e-09,5.16136336630404e-09,2.63407355734043e-07,1.04818928751031e-06,9.39325391742024e-09,6.62593653204661e-08,9.87014912144334e-08
3.24216352810588e-07,1.46055393989559e-08,7.49263749891517e-07,5.42428264060106e-07,3.95455579565398e-08,3.1465696312882e-08,5.491656673926e-07,1.78951968434359e-07,4.49094468683145e-08,8.9294783139984e-07,6.31345340355037e-09,8.66967317578746e-08,2.76225683814325e-07,1.11274466455637e-06,2.72108476262063e-08,6.48536296023558e-08,5.56196714789494e-08
2.00920250984728e-07,1.04847249060362e-08,5.8467069374205e-07,5.81760489538929e-07,3.82950591467549e-08,3.13581250093119e-08,5.05358759642426e-07,2.21759439376716e-07,9.09091089175341e-08,1.54539982486449e-06,1.45130772959772e-08,4.99556833910011e-08,2.24358481818849e-07,1.14224255792263e-06,1.22416023625874e-08,6.56848871288059e-08,5.90988128649807e-08
2.69068030937927e-07,2.53112166379721e-08,7.69285899737903e-07,8.05732337260221e-07,9.24917995920942e-08,5.89346682501034e-09,5.84405736908301e-07,1.97064450079055e-07,6.78215435016959e-08,6.19284342367417e-07,1.73894464577724e-08,5.58055622814859e-08,1.79025510399843e-07,6.09887037427786e-07,7.40881454815004e-09,1.50184654436287e-08,7.84138257558708e-08
2.54638058748337e-07,4.64866763024066e-08,1.09464899617611e-06,8.96558728569754e-07,5.83919585116e-08,3.20356937152867e-08,6.4648846025405e-07,7.07353879658451e-08,9.14411410446597e-08,1.10653045683111e-06,8.31637752100884e-09,5.86004040586406e-08,7.23709380896334e-08,7.29779411764724e-07,3.55187694956351e-09,5.14995162643465e-08,1.53727258254273e-07
1.69879239483383e-07,2.01033037938713e-08,5.46002757849101e-07,1.11560011180852e-06,7.88756997263586e-08,3.28011905029267e-08,5.35860418499165e-07,2.34241602560023e-07,4.87224814572161e-08,2.53639462284628e-07,5.96492765185892e-09,4.64555885523717e-08,1.8295539464381e-07,3.63009584329749e-07,7.4655861515367e-09,7.36960042543308e-08,1.7223967021672e-08
3.5170367806293e-07,1.54016972569651e-08,8.95217834121365e-07,8.81400678648812e-07,9.73124381031275e-08,3.85079994284294e-08,1.127582477241e-06,1.95986209558394e-07,7.3069060188702e-08,6.45040181378178e-07,9.5982844964272e-09,5.19827658697864e-08,8.08491306288392e-08,7.9023009736726e-07,1.89398127298718e-08,1.72007296340184e-08,5.45895064754838e-08
1.25240553316394e-07,1.17472034148484e-08,2.99902808800166e-07,9.92635475365127e-07,8.31681768037351e-08,1.97489738996216e-08,6.42324985963417e-07,1.12558277280021e-07,4.21501219595271e-08,8.71557155292855e-07,1.59362508991928e-08,5.996257966402e-08,2.4760702007369e-07,6.61740924364318e-07,7.66443908128746e-09,3.20364144817567e-08,1.31145838163973e-07
3.70267842179224e-07,6.52985074627566e-09,2.47460403075806e-07,6.7333111615854e-07,7.74030853018524e-08,1.38182749326854e-08,6.65180671040817e-07,1.05802335712754e-07,6.18691479638828e-08,2.53830169094158e-07,1.8222203543051e-08,2.94440878451028e-08,1.68215093268924e-07,6.30678117494365e-07,7.66443908130139e-09,1.79624170026411e-08,6.71352812239778e-08
2.09650102788382e-07,1.3158153126817e-08,8.76747305431868e-07,6.25826463695821e-07,1.64419090441224e-07,1.70676801575243e-08,2.64151335518531e-07,2.89088018241349e-07,4.94824120259083e-08,4.47875880236213e-07,1.20558644022947e-08,4.43742919255165e-08,3.13946301929338e-07,4.68755982368835e-07,1.49859563985259e-08,2.52188898027133e-09,1.0693600918498e-07
3.56327209606172e-07,1.00912438325182e-08,3.05422496532433e-07,7.87894506081782e-07,1.07829454146134e-07,6.25683061315557e-08,6.88112302183395e-07,1.43756389858175e-07,4.86018279778795e-08,5.57056721903173e-07,5.90826140145379e-09,1.95524286098277e-08,3.27886279683188e-07,7.33183709180441e-07,3.55187694947491e-09,4.44135268794275e-08,8.50116609422463e-08
1.74437578266189e-07,6.31327498532269e-08,6.10398321226479e-07,7.35765971057508e-07,1.02533732116311e-07,7.62583928722854e-09,3.66875908830335e-07,2.6671660628447e-07,8.58484656277304e-08,1.03829463771869e-06,1.51063457746185e-19,1.81106635232069e-08,2.24200157760085e-07,1.2392728154612e-06,1.04986677214863e-08,2.29866001600327e-08,4.31874954526707e-08
1.66189332586477e-07,1.8276177418494e-08,4.46449864927736e-07,1.19372717036255e-07,1.05264857541726e-07,4.10617297431832e-09,5.59107980917162e-07,2.41237280962426e-07,7.94368967029681e-08,2.77580697197559e-07,2.71244070803622e-09,6.23625512641319e-08,3.38036457550058e-07,3.6427731716497e-07,1.46204859458523e-08,1.80527670779708e-08,7.01558407816656e-09
1.31041639579263e-07,7.82210214712576e-08,7.03200192085243e-07,3.92533120021431e-07,2.5579356004907e-08,3.64490417950389e-09,8.29628497306891e-07,1.31956093214645e-07,9.71072773586974e-08,9.39128863067535e-07,1.86304592677395e-08,8.41022236031633e-08,2.66739805018929e-07,3.70916640023213e-07,1.05724422372526e-08,1.82077709964534e-08,6.37916731952931e-08
8.21859627974331e-08,3.98913470171901e-08,2.70934853586959e-07,3.91320649195377e-07,7.71243785988184e-08,4.36559889860224e-09,1.66184809377556e-07,2.6375886877281e-07,6.65845704616831e-08,9.18867901260631e-07,1.94991732533241e-08,5.70967527172e-08,1.99180709171717e-07,9.50877832007394e-07,3.52901604053765e-09,3.26295691407376e-08,7.43583894142774e-08
1.2091230894674e-07,2.08643883144731e-08,3.25374942748508e-07,5.67622980268353e-07,7.1103043081551e-08,1.1168976776693e-08,8.32163700556415e-07,5.06241710865541e-07,1.01572623729228e-07,4.33154148642063e-07,5.90826140147884e-09,4.14940596871613e-08,7.24901926880838e-08,3.17995820045512e-07,7.47488423858398e-09,1.69778917443811e-08,1.3030703068412e-07
3.37800087865354e-08,2.92828650310154e-08,4.73852403006063e-07,1.21357277696462e-06,5.42835432206846e-08,1.0135060221223e-08,1.09708533991101e-06,2.89854330327273e-07,7.95352565724911e-08,5.63083815828109e-07,2.48181908042582e-19,1.39932890477878e-08,8.76764387930882e-08,8.27741831565656e-07,2.01468210123219e-08,5.55972071245327e-08,2.23678092330519e-07
1.70092628808134e-07,2.27000404236684e-08,7.16585307265791e-07,1.47227649671494e-07,5.17169562965453e-08,1.95096765027269e-08,2.59563453690783e-07,1.95727176101225e-07,4.68753859709541e-08,6.75215050664784e-07,2.93949831631481e-08,4.32005350433944e-08,2.76821843449578e-07,8.08241565667287e-07,2.37893330144644e-08,2.90565295563737e-08,3.8759929240335e-08
4.31547618348024e-08,2.97541358111884e-08,4.26198678725661e-07,6.14827811667111e-07,7.00983964273644e-08,3.39722882156322e-09,6.10261860149658e-07,2.23044800780539e-07,8.42811012576547e-08,8.87207710054138e-07,1.40887492965553e-08,8.54337186187249e-09,3.02951631395778e-07,4.34977657221065e-07,9.53822913638048e-09,6.13215351991256e-08,2.42467875614731e-07
5.79329315285941e-08,6.68625659989772e-08,8.71729483979771e-07,7.71057443421332e-07,1.04221032996528e-07,5.17241379311884e-09,1.04411101907363e-06,1.80546156171443e-07,6.69786228351076e-08,4.46915225053056e-07,2.76708222363675e-08,1.38363008380763e-08,1.06617838486247e-07,1.03790658425946e-06,1.42073935789879e-08,5.58306967185643e-08,3.61086584363167e-07
3.8299591539955e-07,1.00885042774231e-08,1.91774269798952e-07,8.9687807491168e-07,6.24917428552585e-08,1.28121856804001e-08,5.86464120680146e-07,1.74329228016073e-07,5.83354553981548e-08,6.54892399592895e-07,2.48268329004971e-08,9.39559309626129e-08,2.2236710875996e-07,1.14001599131549e-06,2.05598385513674e-08,3.4703987139091e-08,4.27680733490465e-08
1.22710818993353e-07,5.90796023604924e-08,2.03116412501267e-07,2.01136410403634e-06,4.29604873780634e-08,2.14307454269316e-08,1.28158695807776e-06,1.40751411005057e-07,9.34649903137406e-08,6.6714145686617e-07,2.45642873675561e-08,8.77929929280337e-08,1.58138791401281e-07,1.28011775386912e-07,7.40881454818074e-09,1.59569078161285e-08,3.8973820355547e-07
9.59628249467906e-08,4.57994238110811e-08,4.73765571592984e-07,3.76019373901336e-07,7.74505324762626e-08,7.96474635778787e-09,3.46756585534399e-07,3.34906646086546e-07,7.23586374210303e-08,8.99390985885118e-07,1.12873836065347e-08,3.36210688919728e-08,7.90702236990037e-08,1.20731872018376e-06,7.40881454815568e-09,4.26271615170674e-08,5.79140306019347e-07
1.15674795213593e-07,2.74567103229552e-08,4.07432428949367e-07,1.17846371066703e-06,4.46190166565858e-08,1.28676032164275e-08,4.03199276946809e-07,4.65758199644978e-07,5.08237168408823e-08,1.21086582328425e-06,1.17183978899609e-08,1.05820558874041e-07,1.86289872711565e-07,1.18530451731423e-07,7.40881454814322e-09,1.74195781140562e-08,4.00594786230908e-07
6.37102229199648e-08,3.08089600315274e-08,4.42245923976422e-07,1.07814852090114e-06,4.15055371711155e-08,1.3805077110876e-08,1.5979859438732e-07,1.31793249688489e-07,7.65329280168282e-08,7.50530718389452e-07,5.78931632362513e-09,6.83704284206507e-08,3.00807498101909e-07,2.61619883382481e-07,1.18743824619236e-08,1.11055835392267e-08,8.37700772235757e-08
5.10662179986745e-08,8.30936826932745e-08,9.93894110074164e-07,1.44773583037022e-06,3.6760944323955e-08,1.50664152428471e-08,1.0838231138601e-06,2.1026879529966e-07,5.03545725506872e-08,7.11200611319213e-07,1.78106811998e-08,3.91938097773557e-08,2.19339642096715e-07,4.33723430172618e-07,3.99098842171987e-08,5.77250803261873e-08,1.35498314420248e-07
1.1537728431185e-07,4.62190036894195e-09,6.28941558587535e-07,1.12134901679915e-06,7.10714423426424e-08,1.85929039958767e-08,1.06596986429038e-06,1.67288194768766e-07,4.45801902441467e-08,6.297011756516e-07,1.9316740331208e-08,5.50006270515809e-08,3.07982429184172e-07,3.96036933460842e-07,9.83755032669842e-09,2.76413120132734e-08,1.45795761355402e-07
1.02522332482711e-07,5.33692901301103e-09,3.88215814510361e-07,7.77255528216104e-07,1.36463664915785e-07,1.17254056111487e-08,3.40533606341705e-07,1.42782850562439e-07,9.74199793629567e-08,2.78786349646495e-07,2.48179243214469e-08,4.80115836024828e-08,2.11710334109668e-07,2.17997290281401e-07,3.55094564626403e-08,4.99234095443406e-08,2.72364432405167e-07
4.05258561373184e-08,6.20220726590995e-08,1.27385631480296e-07,4.98973413662297e-07,4.40719503678388e-08,1.02985422556113e-08,1.65895963007972e-06,1.42800915381848e-07,8.12588188482004e-08,3.73280772866871e-07,3.17764371615651e-20,5.23826110762772e-08,1.39813469544656e-07,5.30894171515849e-07,1.51289089342605e-08,1.90925357353458e-08,5.27895331839552e-09
1.88348420623902e-08,6.4832929308945e-08,3.83616149719032e-07,4.83154306375645e-07,1.27612164985485e-07,1.57170888275309e-08,2.54468269473241e-07,2.22305939490327e-07,4.55114828667661e-08,4.19241124501096e-07,3.9701165679946e-08,4.53283214228911e-08,4.17887854438118e-07,1.92213677091078e-07,2.36680919301714e-08,2.35455622119707e-08,1.4333765706977e-07
1.28165749625098e-07,9.80419886051766e-09,3.86649198807191e-07,4.82720813726501e-07,1.17687725131932e-07,1.00211471839578e-08,9.55600059358036e-07,2.21666741845586e-07,1.21760757430758e-07,9.25562360124787e-07,4.65510133288252e-08,5.25798905425744e-08,3.23435614271709e-07,1.50477821763927e-06,2.50398031216851e-08,2.51891794015178e-08,1.63473489837831e-07
8.82001092750104e-08,2.90356364215625e-08,7.20463993932363e-07,4.42791333088357e-07,1.29678542767451e-07,1.49692181040439e-08,1.01489432969479e-06,1.55720780986178e-07,3.6199862173304e-08,1.02721138628095e-06,1.1427355326107e-08,4.26477822968585e-08,2.17384357164041e-07,5.05674539380299e-07,2.3993088471165e-08,4.29968413330028e-08,2.98690833791059e-07
8.75280814054623e-08,3.91981305244642e-08,1.02249784057753e-06,5.83085516661681e-07,2.43748898957707e-07,1.8592903995693e-08,1.3559936792633e-07,4.3884293834376e-08,5.37131057274183e-08,3.5411210116803e-07,2.70957850043869e-08,4.75059080466254e-08,3.84770365366484e-07,5.98524264537356e-07,2.22176210126992e-08,4.55056179124106e-08,2.47788693422395e-07
7.63969362622746e-08,1.15767403027647e-08,4.24412380877043e-07,1.37955999344763e-06,9.58185906826598e-08,6.82802913860923e-09,3.45729068413629e-07,2.14292140482818e-07,8.49446972983973e-08,3.93543711544709e-07,1.14191936203552e-08,1.75241397451256e-08,3.57141227685891e-07,6.98695651670874e-07,2.17022114789687e-08,4.97649038564654e-08,3.95006377601162e-07
8.19857111144097e-08,6.73721952345915e-09,7.12229928468785e-07,5.09107960689588e-07,8.03752871053768e-08,7.03011087813553e-09,5.15828227327379e-08,9.67801063313587e-08,1.20226152676191e-07,8.20212805058261e-07,2.36628779377336e-08,2.11179681402791e-08,1.20645399185737e-07,9.24739061797982e-07,4.16418999507354e-08,5.50686950668486e-08,2.23563640201469e-07
4.54960755017482e-08,9.95108474100615e-09,6.27411764530698e-07,5.1440732504831e-08,1.29635147935055e-07,1.1318389048075e-08,6.31683705056073e-07,1.17917138601201e-07,6.51602785529103e-08,4.3519434538246e-07,3.66182210361885e-08,6.44412700111776e-08,1.36502818560598e-07,1.106703952604e-06,2.16972738438451e-08,8.0835905962788e-08,1.51021875229399e-07
8.84161729539222e-08,2.99487876300646e-08,3.53998974733797e-07,6.37968582970416e-07,1.52217362164315e-07,4.54525953249473e-09,7.36122383393542e-07,8.63995977603739e-08,4.11016226088071e-08,1.02864691081513e-06,1.60417676800591e-08,4.42730051081428e-08,2.20294106554552e-07,1.51096949113206e-07,2.59917468409866e-08,6.19297943711083e-08,2.7203153018257e-07
4.03044855764535e-08,3.14931391439711e-08,4.06961176115373e-07,1.4559040633238e-06,3.80812410344166e-07,1.31058065866017e-08,1.02985226511784e-06,4.25137391084219e-08,4.33167850596551e-08,4.80602940678345e-07,5.44446773410288e-09,1.1353819223697e-08,2.55683342190438e-07,6.06275170920836e-07,3.02914967616781e-08,4.94601090642758e-08,4.89228585749381e-07
4.32466403893593e-08,6.79510126538196e-08,8.36546236089988e-07,4.7170955346349e-07,2.78303113375607e-07,1.3819937955403e-08,1.06694812769457e-06,2.80144670118461e-07,1.77817709390053e-08,3.89829840490282e-07,1.35683852919574e-08,3.9056052629556e-08,1.00426513658143e-07,1.55875221016991e-07,1.43498444438478e-08,4.3961322732562e-08,4.40902856982247e-07
7.21277436068242e-08,1.29241868373843e-07,8.77568688435813e-07,1.16413320427161e-07,1.81091321181964e-07,1.57712644103474e-08,4.54519518079997e-07,3.957842409014e-07,2.0449250524498e-08,4.69972069852589e-07,1.37304657963781e-08,2.65745007888739e-08,2.61325221733153e-07,7.217735853001e-07,1.50810291197219e-08,1.44550926715828e-08,1.94679574459846e-07
8.69039835975434e-08,1.09931781135887e-07,7.2712915626964e-07,6.44352421389363e-07,1.12869747558445e-07,1.31526898312074e-08,4.20593454486484e-07,8.32707379355233e-08,6.66970486018037e-08,3.85553117637704e-07,3.32260765419174e-08,3.58788474409755e-09,1.56881993851573e-07,9.77195629669196e-07,2.95322767777975e-08,4.37973476585466e-08,3.708861783109e-07
7.44917716241781e-09,1.09931781135934e-07,4.53058086959402e-07,5.77613132317288e-07,1.62760388301638e-07,4.36288657440492e-08,1.17612834611062e-07,2.19802522253159e-07,8.86579068517609e-08,6.18735921296737e-07,3.41217028673984e-08,3.8500986297132e-08,2.19465401464544e-07,7.90324841170407e-07,2.09605913301803e-08,5.36679347358428e-08,3.02493927351613e-07
5.04202925528568e-08,2.56066834868035e-09,2.52598753619533e-07,1.53793925513684e-06,3.99256342115868e-08,2.83189983204824e-08,3.05241812708447e-07,3.04552504284596e-07,2.35062907230162e-08,1.11155804272499e-06,3.71098876982373e-08,6.3502046314968e-08,3.33236051419659e-07,9.70200807450313e-07,1.38900896143039e-08,2.02836760670611e-08,2.79691463529184e-08
1.05191203892478e-07,2.46184808586205e-08,7.42131234973019e-07,8.77058893288173e-07,1.45514475209076e-07,2.58694132745721e-08,6.63848858321666e-07,2.52449144391122e-07,3.47294751383858e-08,5.12330093926105e-07,4.84873415128291e-08,5.52958116173501e-08,4.92476776738103e-07,1.14023760841243e-06,3.0630528456166e-08,1.3495835430432e-08,3.63977496485372e-07
8.85553660870301e-08,1.14314150743637e-08,9.69962142574826e-07,9.16408146136984e-07,8.71025602556926e-08,1.89788373951643e-08,6.11655060760405e-07,2.90139670928051e-07,2.74537255568435e-08,6.7397680976648e-07,5.3061253699701e-08,3.19364736024957e-08,1.03650088443637e-07,5.22734047901143e-07,2.09828036684721e-08,6.4604779655052e-08,4.65831361137396e-07
2.34525252516436e-07,4.81820205773662e-08,1.08993538080128e-06,1.49284222400482e-06,8.43505428948012e-08,2.78695306678623e-08,7.71517995681426e-07,8.75748502992687e-08,2.27016922140517e-08,1.0928690191856e-06,6.34356899792465e-08,1.08339344229545e-08,3.48725624137744e-07,4.63965048154653e-07,1.99806857621599e-08,7.11613486502901e-08,3.47243716058027e-07
8.74671874569018e-08,7.87720970599402e-08,1.84861658906842e-07,2.82498216025547e-07,1.15231918928444e-07,3.85273972602675e-08,5.21472352794509e-07,2.06598067830229e-07,3.96988013286853e-08,2.21718783169255e-07,3.26480863780636e-08,2.51687701839129e-08,1.65879051540337e-07,7.9481664552038e-07,1.33099284374925e-08,2.01698417032914e-08,1.48629609635273e-07
7.321150010891e-08,6.65040741862647e-08,7.76073218742448e-07,7.1057830679819e-07,1.18033407679611e-07,1.27853630553239e-09,2.53070506832628e-07,9.88835910831968e-08,7.81744997958297e-08,2.21819050005591e-07,1.21859146820467e-08,2.38728670964579e-08,1.53125318031812e-07,9.84776353208567e-07,1.05299324128396e-08,3.27479611755561e-08,3.61581786714275e-07
5.15003258426449e-08,1.39667657486944e-09,7.89865183826101e-07,8.88036106906753e-07,1.62796151187998e-07,3.80144602671909e-08,5.90074571237794e-07,2.6091935988724e-07,7.47390309596628e-08,1.28701934667037e-06,2.49227190718541e-08,4.66978297407181e-08,1.98135462655317e-07,6.49946546268936e-07,3.52104616750442e-09,4.56274736892089e-08,1.69660080976799e-07
8.76574773473629e-08,1.36456621059375e-08,9.90425684273438e-07,3.6177856998697e-07,4.05745073812155e-08,1.30027864314287e-08,1.22367367505896e-06,1.71860225854618e-07,1.94939284378426e-08,3.32274016134482e-07,2.17580485734496e-08,4.23949194882514e-08,5.98736585421551e-07,4.89821455007746e-07,2.50315825442152e-09,2.09548689654423e-08,1.90905607329254e-08
1.07935114649542e-07,2.179681255065e-08,1.13615308952952e-06,6.07208504854267e-07,1.39388924341802e-07,4.06583720282158e-08,6.75491419273786e-07,3.16832882374748e-07,1.22431241541517e-08,5.51318003347163e-07,5.53634095375844e-08,1.87426350040969e-08,2.44496596742255e-07,1.62430269114746e-06,4.04435754060855e-09,2.46600245170629e-08,4.47282507070806e-07
6.74733860829443e-08,7.83302180430078e-08,5.30215262831621e-07,5.97429616307336e-07,3.97423764520141e-08,2.02966945053227e-08,8.0250963290946e-07,4.2894758965708e-07,2.60367943266119e-08,6.09087013287771e-07,4.16529677598612e-08,4.12229976092504e-08,1.55131968941363e-07,7.78704792481011e-07,1.25937715846647e-08,6.39709053529726e-08,3.67956720964288e-07
9.42980709756093e-08,5.6628917547861e-08,5.2281888019426e-07,9.19712045677423e-07,6.66544095794526e-08,2.64684434567767e-08,2.79337234156805e-07,1.04129394416532e-07,1.32729965548803e-08,2.81332333871899e-07,4.37098403365358e-08,8.89651758112033e-08,3.08256976224176e-07,8.75091176906238e-07,3.21743659211283e-09,2.67753204012041e-08,7.96326215581674e-08
1.95936248955396e-08,4.41418466187357e-08,6.6091401238997e-07,9.0824615853492e-07,1.2826212989965e-07,2.11162229161391e-08,2.41223934158575e-07,2.62798314286801e-07,9.50912568997093e-08,1.30204746304551e-06,3.61827881815754e-08,5.6843418860808e-20,2.5555044693173e-07,2.00075781318148e-07,8.8034172342682e-09,2.63790814613225e-08,3.96288288276604e-07
5.29935905263155e-08,6.73681461606021e-09,7.11473470327447e-07,4.18075705916136e-07,2.03094449406763e-07,3.8549157733656e-08,5.20262211028575e-07,3.39804541485083e-07,9.76528781558704e-08,1.09239460994881e-06,3.61216433344383e-08,4.03784607288389e-08,4.01083727189051e-07,5.1606202478816e-07,1.19389778489748e-08,2.18940050752193e-08,5.33756039815662e-07
8.71142728579239e-09,1.76035131560516e-08,3.98575507959067e-07,3.58892684954017e-07,3.50050130685225e-07,4.77774852162198e-09,4.70581144279295e-07,7.71693644862037e-08,1.40841846698277e-08,1.12243472237819e-06,2.41909437550127e-08,2.83102972948678e-08,4.68236631549771e-07,7.70486194745346e-07,2.04416800776401e-09,5.76370463657595e-08,6.14296257232384e-07
8.60019730816982e-08,5.40268392958431e-08,3.52131524999445e-07,1.41198154734316e-06,2.92583891406151e-07,2.395740930475e-08,4.56288518008842e-07,1.03701579390958e-07,5.20397441217745e-08,1.9600997884867e-06,6.48226125617168e-08,1.96077952468139e-08,2.79508497187702e-07,4.55176546562336e-07,5.88085025732266e-09,5.55804408942206e-08,3.87019616666092e-07
9.45400943601966e-08,6.31407087883911e-08,9.57685732363981e-07,7.71897919995042e-07,1.00840158696433e-07,9.67922015447316e-09,6.73165678618341e-07,1.70867961788726e-07,9.49218730343619e-08,6.45656569571922e-07,1.47928994084197e-08,3.72782746643644e-08,2.87460609916571e-07,7.49415322361024e-07,1.76445601681571e-08,5.78552846009843e-08,2.03853674145298e-07
3.84570521771285e-08,7.79832592456674e-08,4.14876819271489e-07,2.56340187787285e-06,3.48550389104101e-07,1.69970927281284e-08,3.97624442199387e-07,1.29201410381029e-07,1.51431789101768e-07,5.9378349359921e-07,2.18464732210138e-08,3.62943602319837e-08,2.05570824472532e-07,7.70756622670634e-07,9.92159817526859e-09,5.59990857693232e-08,4.88488746582054e-07
3.14765599412378e-08,7.23906899191117e-08,1.02868872540923e-06,8.74794976092978e-07,1.28454456298163e-07,1.11301369864947e-08,3.38371520243637e-07,5.42420056026466e-08,1.20539581643946e-07,1.62480834654776e-06,6.5398586371789e-09,2.98978167024496e-08,2.66186034062269e-07,1.41870715452221e-07,7.13013465576094e-09,4.80769230779003e-09,2.63072768963876e-07
3.99274397597062e-08,2.05066494671209e-08,4.94259714241058e-07,2.982994139963e-07,9.95274925770417e-08,1.34533201500071e-08,3.59999799441646e-07,1.8062023316697e-07,3.31161195588572e-08,5.92525927391414e-07,9.70880778782932e-09,3.52411743109027e-08,2.9371882516562e-07,1.58355464634516e-06,6.69766909127563e-09,2.36915295156305e-08,1.76273768167423e-07
8.38630221873887e-08,2.96874435959301e-08,8.34519234353014e-07,1.12421831145043e-06,3.59248950176797e-08,2.1383606269349e-08,1.48460165224e-06,3.44663114333258e-07,7.00707690790794e-09,5.07722324436755e-07,3.49890746367792e-08,3.58906028191539e-08,2.93205251074986e-07,5.94460891702792e-07,1.22688349477704e-08,3.11593494715043e-08,7.14233554006337e-08
9.90921397380527e-08,1.16992701797189e-07,4.60612730045734e-07,4.47908642468671e-07,9.94907943988172e-08,1.20646168943172e-08,7.48566580511823e-07,3.38489993950728e-07,3.07439606318914e-08,1.12710652726542e-06,4.70295688695727e-08,3.37846430033153e-08,2.79989780535286e-07,7.80031814337072e-07,1.15072081508801e-08,2.86574878830013e-08,3.91190967378499e-07
1.01224636354186e-07,1.15753524083537e-07,8.68659702384041e-07,1.83417498219051e-07,4.31455706595797e-08,1.92450536552052e-08,1.24694337503191e-06,3.51349620182143e-07,2.37644464644852e-08,6.55182331757366e-07,6.75631540922749e-09,3.96885568237114e-08,2.13426991421403e-07,2.72309861802761e-07,4.49503626935704e-09,5.62027406157779e-08,2.6029587910304e-07
9.24685421477035e-08,1.36728329567219e-08,5.96994219311992e-07,2.80965172614054e-07,3.96866555710798e-08,2.14778767386777e-08,6.18344003910304e-07,3.3132800337712e-07,7.20105437069771e-08,1.25861524106061e-06,2.01653319170956e-08,3.4829253691478e-08,1.96341822242223e-07,5.49606372545768e-07,1.66373882885285e-08,1.48840212357274e-08,1.54841190386223e-07
1.19563740448961e-07,3.33061868128754e-08,2.17018749167813e-07,8.82284821792242e-07,7.33112791980888e-08,1.13467277721561e-08,8.10263918551783e-07,4.0902750591197e-07,7.35379898716778e-08,8.23862095889411e-08,2.01653319171138e-08,2.04103635626803e-08,2.02306650465245e-07,7.03443938966854e-07,6.96769262228694e-09,8.13563383687031e-08,1.8210863918374e-07
9.66633707247149e-08,2.894683288633e-08,1.39282626510861e-06,4.45507987386153e-07,1.67344078825969e-08,3.53005618652362e-09,7.26269205627385e-07,4.05828517387566e-07,9.67475959579781e-08,5.68911627800821e-07,1.63937137074659e-08,3.68437139352084e-08,1.50498788717461e-07,9.304821231288e-07,1.22373928646152e-08,4.10681668275805e-08,4.33705696413844e-08
1.27167690415993e-07,4.97020533513335e-09,4.36608995181983e-07,6.99982684384453e-07,7.10814466020355e-08,2.64468417343267e-08,2.89927391945536e-07,2.65902247823599e-07,8.77896898330681e-08,5.22508247777466e-07,2.07446545256213e-08,7.95778115247253e-08,3.38653819321189e-07,5.79882721276383e-07,2.17870128396176e-09,3.38841238635928e-08,5.40487993972837e-08
1.6944993755942e-07,9.15402941963092e-09,1.20571688601698e-06,4.83267803765436e-07,1.56218101648215e-07,1.91268947137365e-08,8.28925475638234e-07,1.3041362511139e-07,7.85587199561235e-08,7.1934556105231e-07,2.49370389760548e-08,5.42801916649125e-08,1.57777313202983e-09,5.86999004755989e-07,8.06451612910308e-09,6.85584189352384e-08,2.62953021136727e-07
7.32698077356532e-08,9.91432780110768e-08,3.30474524563785e-07,5.61011569780193e-07,2.08174003453347e-07,2.1144494267432e-08,5.68685737346251e-07,1.95912718722168e-07,9.59741075570946e-08,5.877666003739e-07,4.08058174416932e-08,5.099088444562e-08,3.47725133235247e-07,1.65005938423401e-06,7.95969376075575e-09,4.19779189584185e-08,3.5890811572545e-07
5.80704653761554e-08,1.03670221859977e-07,3.68433270720799e-07,9.38773213093309e-07,3.56036374605485e-08,3.26822767954439e-08,7.06262619623716e-07,2.75475506064987e-07,1.3535449870954e-08,3.77903585546603e-07,1.73508650284517e-08,4.15263869306869e-09,3.22626097516942e-07,1.72677335382092e-06,7.95969376079391e-09,3.88331492752408e-08,2.32009367307849e-07
6.7816781745102e-08,3.42264847247097e-08,3.7409465373632e-07,1.37734486752708e-06,1.70560316586913e-07,3.68841408338777e-08,3.68048004556615e-07,4.14367631651223e-07,6.06351361932344e-08,3.56759844522454e-07,2.68145665017112e-08,8.09352517987350e-09,2.27699365825014e-07,2.97034756914669e-07,1.18679581443437e-08,9.06700639751655e-09,2.09564171996773e-07
1.85796305365174e-07,3.65443825428373e-08,5.20142539919788e-07,1.09278344953804e-06,8.41430768158807e-09,2.33580447769914e-08,8.06635921428878e-07,4.6151518248914e-07,3.54888461310823e-08,6.78470505392274e-07,5.08145366091126e-08,3.42737050358021e-09,9.12393764949729e-08,6.19800056910673e-07,1.72866485465229e-08,6.5759610649402e-08,2.01196807824469e-07
4.18543644735387e-08,5.07691061761261e-09,6.511627336689e-07,4.93784999064645e-07,1.19509960854837e-07,5.6799642800012e-08,6.72715023761546e-07,1.74238339208399e-07,3.34822458858251e-08,4.25279830830939e-07,5.5222890059776e-08,3.06404941691287e-08,3.35784511162647e-07,7.586492462161e-07,2.35810800079297e-08,5.23327229237158e-08,1.86612784698739e-07
2.75292397514226e-08,3.75593541851148e-08,6.10007151911586e-08,1.01784871508901e-06,1.16930588156535e-07,5.90050367082549e-08,8.24707172850199e-07,2.60002406330461e-07,1.27162694458266e-08,4.34368844623879e-07,3.36368103119918e-08,2.9483934558613e-08,1.00443031933807e-07,1.29869227480943e-06,1.13112641378464e-08,7.03827204743888e-08,1.73812044570517e-07
9.74562021000722e-08,6.99448268350823e-08,1.12274292548274e-06,3.50373727888509e-08,2.1872505749656e-07,1.88471994088064e-08,8.0927754721721e-07,4.04222099026086e-07,5.99083954174065e-08,1.14246180038108e-06,2.9206018972989e-08,1.00142815501431e-08,1.55867071194823e-07,6.20327600949953e-07,2.38439640645474e-08,5.86440965719015e-08,5.72653371990768e-07
